{
  "SNE": [
    36.998043744998355,
    -122.06122018722598
  ],
  "Quarry": [
    36.998794825748384, 
    -122.06069687575905
  ]
}